Model,Accuracy,BLEU Score,ROUGE Score,TOPSIS Score,Rank
Model A,0.85,0.78,0.83,0.2592918661711792,4.0
Model B,0.9,0.75,0.88,0.625,2.0
Model C,0.88,0.8,0.85,0.6256445526113359,1.0
Model D,0.87,0.76,0.84,0.3034647019894213,3.0
